title,company,link,date,source
US Rater - Florida,TELUS Digital,/jobs/us-rater-telus-digital-913972,NA,www.workingnomads.com
Coding Tech Bootcamp - Job Guaranteed by Metana,Metana,NA,NA,www.workingnomads.com
US Rater - North Carolina,TELUS Digital,/jobs/us-rater-telus-digital-913941,NA,www.workingnomads.com
Coding Tech Bootcamp - Job Guaranteed by Metana,Metana,NA,NA,www.workingnomads.com
US Rater - Texas,TELUS Digital,/jobs/us-rater-telus-digital,NA,www.workingnomads.com
Coding Tech Bootcamp - Job Guaranteed by Metana,Metana,NA,NA,www.workingnomads.com
Personalized Internet Assessor - German (DE),TELUS Digital,/jobs/personalized-internet-assessor-german-de-telus-digital,NA,www.workingnomads.com
Coding Tech Bootcamp - Job Guaranteed by Metana,Metana,NA,NA,www.workingnomads.com
Collections Account Manager,Clipboard Health,/jobs/collections-account-manager-clipboard-health-912124,NA,www.workingnomads.com
Coding Tech Bootcamp - Job Guaranteed by Metana,Metana,NA,NA,www.workingnomads.com
Client Support Specialist (Healthcare Facilities - B2B),Clipboard Health,/jobs/client-support-specialist-healthcare-facilities-b2b-clipboard-health-912122,NA,www.workingnomads.com
Coding Tech Bootcamp - Job Guaranteed by Metana,Metana,NA,NA,www.workingnomads.com
Customer Support Representative,Community Phone,/jobs/customer-support-representative-community-phone-903985,NA,www.workingnomads.com
Coding Tech Bootcamp - Job Guaranteed by Metana,Metana,NA,NA,www.workingnomads.com
Bilingual Talent Acquisition Specialist,"Magic, Inc.",/jobs/bilingual-talent-acquisition-specialist-magic-inc,NA,www.workingnomads.com
Coding Tech Bootcamp - Job Guaranteed by Metana,Metana,NA,NA,www.workingnomads.com
Senior React Full-stack Developer,Lemon.io,/jobs/senior-react-full-stack-developer-lemonio,NA,www.workingnomads.com
Coding Tech Bootcamp - Job Guaranteed by Metana,Metana,NA,NA,www.workingnomads.com
Social Media Chat & Phone Sales,Chat Assassins,/jobs/chat-assassin-sales-specialist-advanced-english-latin-america-only-chat-assassins-a-made-omni-inc-company,NA,www.workingnomads.com
Coding Tech Bootcamp - Job Guaranteed by Metana,Metana,NA,NA,www.workingnomads.com
Phone and Chat Sales Representative,Chat Assassins,/jobs/cold-caller-chat-assassins-42482,NA,www.workingnomads.com
Coding Tech Bootcamp - Job Guaranteed by Metana,Metana,NA,NA,www.workingnomads.com
Account Manager Needed,ContentJet,/jobs/account-manager-needed-contentjet,NA,www.workingnomads.com
Coding Tech Bootcamp - Job Guaranteed by Metana,Metana,NA,NA,www.workingnomads.com
Data Analyst - Search (0 Experience Required),Peroptyx,/jobs/data-analyst-search-0-experience-required-peroptyx-891890,NA,www.workingnomads.com
Coding Tech Bootcamp - Job Guaranteed by Metana,Metana,NA,NA,www.workingnomads.com
Data Analyst - Search (0 Experience Required),Peroptyx,/jobs/data-analyst-search-0-experience-required-peroptyx-891839,NA,www.workingnomads.com
Coding Tech Bootcamp - Job Guaranteed by Metana,Metana,NA,NA,www.workingnomads.com
Data Analyst - No Experience Required,Peroptyx,/jobs/data-analyst-no-experience-required-peroptyx-891792,NA,www.workingnomads.com
Coding Tech Bootcamp - Job Guaranteed by Metana,Metana,NA,NA,www.workingnomads.com
Data Analyst - No Experience Required,Peroptyx,/jobs/data-analyst-no-experience-required-peroptyx-891790,NA,www.workingnomads.com
Coding Tech Bootcamp - Job Guaranteed by Metana,Metana,NA,NA,www.workingnomads.com
Data Analyst - No Experience Required,Peroptyx,/jobs/data-analyst-no-experience-required-peroptyx-891788,NA,www.workingnomads.com
Coding Tech Bootcamp - Job Guaranteed by Metana,Metana,NA,NA,www.workingnomads.com
Data Analyst (0 Experience Required),Peroptyx,/jobs/data-analyst-0-experience-required-peroptyx-891714,NA,www.workingnomads.com
Coding Tech Bootcamp - Job Guaranteed by Metana,Metana,NA,NA,www.workingnomads.com
Online Data Analyst - No Experience Required,Peroptyx,/jobs/online-data-analyst-no-experience-required-peroptyx-891712,NA,www.workingnomads.com
Coding Tech Bootcamp - Job Guaranteed by Metana,Metana,NA,NA,www.workingnomads.com
Performance Marketing Strategist (Remote â€“ US Preferred),Left Coast Digital Studio,/jobs/performance-marketing-strategist-remote-us-preferred-left-coast-digital-studio,NA,www.workingnomads.com
Coding Tech Bootcamp - Job Guaranteed by Metana,Metana,NA,NA,www.workingnomads.com
Social Media Intern,Global Civic Consulting,/jobs/social-media-intern-global-civic-consulting,NA,www.workingnomads.com
Coding Tech Bootcamp - Job Guaranteed by Metana,Metana,NA,NA,www.workingnomads.com
Call for Proposal: Web Development Project,Global Civic Consulting,/jobs/call-for-proposal-web-development-project-global-civic-consulting,NA,www.workingnomads.com
Coding Tech Bootcamp - Job Guaranteed by Metana,Metana,NA,NA,www.workingnomads.com
"Senior AI Engineer, MLOps Engineer",Lemon.io,/jobs/senior-ai-engineer-mlops-engineer-lemonio,NA,www.workingnomads.com
Coding Tech Bootcamp - Job Guaranteed by Metana,Metana,NA,NA,www.workingnomads.com
Senior Full Stack Developer,AuthentifyIt,/jobs/senior-full-stack-developer-authentifyit,NA,www.workingnomads.com
Coding Tech Bootcamp - Job Guaranteed by Metana,Metana,NA,NA,www.workingnomads.com
Personalized Internet Ads Assessor - German (DE),TELUS Digital,/jobs/personalized-internet-ads-assessor-german-de-telus-digital-873040,NA,www.workingnomads.com
Coding Tech Bootcamp - Job Guaranteed by Metana,Metana,NA,NA,www.workingnomads.com
Personalized Internet Ads Assessor - Czech (DE),TELUS Digital,/jobs/personalized-internet-ads-assessor-czech-de-telus-digital-873038,NA,www.workingnomads.com
Coding Tech Bootcamp - Job Guaranteed by Metana,Metana,NA,NA,www.workingnomads.com
Google Ads Account Manager - Remote (Work From Home),StubGroup,/jobs/google-ads-account-manager-remote-work-from-home-stubgroup-872975,NA,www.workingnomads.com
Coding Tech Bootcamp - Job Guaranteed by Metana,Metana,NA,NA,www.workingnomads.com
Google Ads Pod Leader - Remote (Work From Home),StubGroup,/jobs/google-ads-pod-leader-remote-work-from-home-stubgroup-872973,NA,www.workingnomads.com
Coding Tech Bootcamp - Job Guaranteed by Metana,Metana,NA,NA,www.workingnomads.com
Personalized Internet Ads Assessor Czech Speaker,TELUS Digital,/jobs/personalized-internet-ads-assessor-czech-speaker-telus-digital-872805,NA,www.workingnomads.com
Coding Tech Bootcamp - Job Guaranteed by Metana,Metana,NA,NA,www.workingnomads.com
Creative Strategist - Paid Social,Enhancv,/jobs/creative-strategist-paid-social-enhancv,NA,www.workingnomads.com
Coding Tech Bootcamp - Job Guaranteed by Metana,Metana,NA,NA,www.workingnomads.com
Case Processing Manager (Remote - Texas),Sneed|Mitchell LLP,/jobs/customer-satisfaction-specialist-remote-texas-sneedmitchell-llp,NA,www.workingnomads.com
Coding Tech Bootcamp - Job Guaranteed by Metana,Metana,NA,NA,www.workingnomads.com
Data Analyst - No Experience Required,Peroptyx,/jobs/data-analyst-no-experience-required-peroptyx-865349,NA,www.workingnomads.com
Coding Tech Bootcamp - Job Guaranteed by Metana,Metana,NA,NA,www.workingnomads.com
Data Analyst - No Experience Required,Peroptyx,/jobs/data-analyst-no-experience-required-peroptyx-865347,NA,www.workingnomads.com
Coding Tech Bootcamp - Job Guaranteed by Metana,Metana,NA,NA,www.workingnomads.com
Senior Next.js Developer,Proxify,/jobs/senior-enterprise-systems-engineer-microsoft-365-admin-proxify-861571,NA,www.workingnomads.com
Coding Tech Bootcamp - Job Guaranteed by Metana,Metana,NA,NA,www.workingnomads.com
Senior Fullstack (MERN) Developer,Proxify,/jobs/senior-erp-software-engineer-sap-commerce-cloud-proxify,NA,www.workingnomads.com
Coding Tech Bootcamp - Job Guaranteed by Metana,Metana,NA,NA,www.workingnomads.com
Senior MS Power BI Developer,Proxify,/jobs/senior-erp-software-engineer-sap-successfactors-proxify-861568,NA,www.workingnomads.com
Coding Tech Bootcamp - Job Guaranteed by Metana,Metana,NA,NA,www.workingnomads.com
Senior Ruby on Rails Developer,Proxify,/jobs/senior-erp-software-engineer-sap-business-one-proxify-861566,NA,www.workingnomads.com
Coding Tech Bootcamp - Job Guaranteed by Metana,Metana,NA,NA,www.workingnomads.com
Senior Sharepoint Developer,Proxify,/jobs/senior-erp-software-engineer-sap-business-one-proxify,NA,www.workingnomads.com
Coding Tech Bootcamp - Job Guaranteed by Metana,Metana,NA,NA,www.workingnomads.com
Senior/Staff Data Scientist,StackAdapt,/jobs/seniorstaff-data-scientist-stackadapt-913924,NA,www.workingnomads.com
Coding Tech Bootcamp - Job Guaranteed by Metana,Metana,NA,NA,www.workingnomads.com
Senior Software Engineer - Product,"Gusto, Inc.",/jobs/senior-software-engineer-product-gusto-inc-913922,NA,www.workingnomads.com
Coding Tech Bootcamp - Job Guaranteed by Metana,Metana,NA,NA,www.workingnomads.com
Head of Engineering - Risk,Mercury,/jobs/head-of-engineering-risk-mercury-913920,NA,www.workingnomads.com
Coding Tech Bootcamp - Job Guaranteed by Metana,Metana,NA,NA,www.workingnomads.com
Product Manager,Roadie,/jobs/product-manager-roadie-913918,NA,www.workingnomads.com
Coding Tech Bootcamp - Job Guaranteed by Metana,Metana,NA,NA,www.workingnomads.com
Mid-Market Account Executive,Vercel,/jobs/mid-market-account-executive-vercel-913916,NA,www.workingnomads.com
Coding Tech Bootcamp - Job Guaranteed by Metana,Metana,NA,NA,www.workingnomads.com
Reporter - Breaking News,Axios,/jobs/reporter-breaking-news-axios-913914,NA,www.workingnomads.com
Coding Tech Bootcamp - Job Guaranteed by Metana,Metana,NA,NA,www.workingnomads.com
Senior Customer Success Manager,SuccessKPI Inc.,/jobs/senior-customer-success-manager-successkpi-inc-913912,NA,www.workingnomads.com
Coding Tech Bootcamp - Job Guaranteed by Metana,Metana,NA,NA,www.workingnomads.com
3D Designer,MrBeast,/jobs/3d-designer-mrbeast-913910,NA,www.workingnomads.com
Coding Tech Bootcamp - Job Guaranteed by Metana,Metana,NA,NA,www.workingnomads.com
Software Engineer - Accounts,Vercel,/jobs/software-engineer-accounts-vercel-913908,NA,www.workingnomads.com
Coding Tech Bootcamp - Job Guaranteed by Metana,Metana,NA,NA,www.workingnomads.com
Senior CDP Consultant,Massive Rocket,/jobs/senior-cdp-consultant-massive-rocket-913906,NA,www.workingnomads.com
Coding Tech Bootcamp - Job Guaranteed by Metana,Metana,NA,NA,www.workingnomads.com
Software Engineer - Java and Data,Twilio,/jobs/software-engineer-java-and-data-twilio-913904,NA,www.workingnomads.com
Coding Tech Bootcamp - Job Guaranteed by Metana,Metana,NA,NA,www.workingnomads.com
Sr Big Data Engineer - Oozie and Pig (GCP),Rackspace,/jobs/sr-big-data-engineer-oozie-and-pig-gcp-rackspace-913902,NA,www.workingnomads.com
Coding Tech Bootcamp - Job Guaranteed by Metana,Metana,NA,NA,www.workingnomads.com
"Senior Product Manager - Pricing, Monetization and Growth",Apollo.io,/jobs/senior-product-manager-pricing-monetization-and-growth-apolloio-913900,NA,www.workingnomads.com
Coding Tech Bootcamp - Job Guaranteed by Metana,Metana,NA,NA,www.workingnomads.com
Director of Engineering,iHerb,/jobs/director-of-engineering-iherb-913898,NA,www.workingnomads.com
Coding Tech Bootcamp - Job Guaranteed by Metana,Metana,NA,NA,www.workingnomads.com
Software Engineer,Warp,/jobs/software-engineer-warp-913896,NA,www.workingnomads.com
Coding Tech Bootcamp - Job Guaranteed by Metana,Metana,NA,NA,www.workingnomads.com
Executive Business Partner - CXO,Pax8,/jobs/executive-business-partner-cxo-pax8-913894,NA,www.workingnomads.com
Coding Tech Bootcamp - Job Guaranteed by Metana,Metana,NA,NA,www.workingnomads.com
Customer Success Manager,Vercel,/jobs/customer-success-manager-vercel-913892,NA,www.workingnomads.com
Coding Tech Bootcamp - Job Guaranteed by Metana,Metana,NA,NA,www.workingnomads.com
Compensation and Payroll Analyst,Nextech,/jobs/compensation-and-payroll-analyst-nextech-913890,NA,www.workingnomads.com
Coding Tech Bootcamp - Job Guaranteed by Metana,Metana,NA,NA,www.workingnomads.com
Software Engineer - Java and React,Twilio,/jobs/software-engineer-java-and-react-twilio-913888,NA,www.workingnomads.com
Coding Tech Bootcamp - Job Guaranteed by Metana,Metana,NA,NA,www.workingnomads.com
Senior DevOps Engineer,Restaurant365,/jobs/senior-devops-engineer-restaurant365-913886,NA,www.workingnomads.com
Coding Tech Bootcamp - Job Guaranteed by Metana,Metana,NA,NA,www.workingnomads.com
"Graduate Software Engineer - Open Source and Linux, Canonical Ubuntu",Canonical,/jobs/graduate-software-engineer-open-source-and-linux-canonical-ubuntu-canonical-913780,NA,www.workingnomads.com
Coding Tech Bootcamp - Job Guaranteed by Metana,Metana,NA,NA,www.workingnomads.com
Enterprise Account Executive,Vercel,/jobs/enterprise-account-executive-vercel-913778,NA,www.workingnomads.com
Coding Tech Bootcamp - Job Guaranteed by Metana,Metana,NA,NA,www.workingnomads.com
Sales Development Representative,Lumos,/jobs/sales-development-representative-lumos-913776,NA,www.workingnomads.com
Coding Tech Bootcamp - Job Guaranteed by Metana,Metana,NA,NA,www.workingnomads.com
Support Team Lead - Risk,Mercury,/jobs/support-team-lead-risk-mercury-913774,NA,www.workingnomads.com
Coding Tech Bootcamp - Job Guaranteed by Metana,Metana,NA,NA,www.workingnomads.com
Senior Technical Consultant,Vercel,/jobs/senior-technical-consultant-vercel-913772,NA,www.workingnomads.com
Coding Tech Bootcamp - Job Guaranteed by Metana,Metana,NA,NA,www.workingnomads.com
Editor - Breaking News,Axios,/jobs/editor-breaking-news-axios-913770,NA,www.workingnomads.com
Coding Tech Bootcamp - Job Guaranteed by Metana,Metana,NA,NA,www.workingnomads.com
Technical Product Marketing Manager - Cybersecurity,Canonical,/jobs/technical-product-marketing-manager-cybersecurity-canonical-913768,NA,www.workingnomads.com
Coding Tech Bootcamp - Job Guaranteed by Metana,Metana,NA,NA,www.workingnomads.com
Associate Renewals Manager,GitLab,/jobs/associate-renewals-manager-gitlab-913766,NA,www.workingnomads.com
Coding Tech Bootcamp - Job Guaranteed by Metana,Metana,NA,NA,www.workingnomads.com
Account Executive,Sparrow,/jobs/account-executive-sparrow-913764,NA,www.workingnomads.com
Coding Tech Bootcamp - Job Guaranteed by Metana,Metana,NA,NA,www.workingnomads.com
Associate Revenue Systems Administrator,Recharge,/jobs/associate-revenue-systems-administrator-recharge-913762,NA,www.workingnomads.com
Coding Tech Bootcamp - Job Guaranteed by Metana,Metana,NA,NA,www.workingnomads.com
Business Development Manager,Ajax Systems,/jobs/business-development-manager-ajax-systems-913747,NA,www.workingnomads.com
Coding Tech Bootcamp - Job Guaranteed by Metana,Metana,NA,NA,www.workingnomads.com
"Inside Sales Representative-Distribution, 3M Business Services",3M,/jobs/inside-sales-representative-distribution-3m-business-services-3m-913745,NA,www.workingnomads.com
Coding Tech Bootcamp - Job Guaranteed by Metana,Metana,NA,NA,www.workingnomads.com
Environmental Scientist,3M,/jobs/environmental-scientist-3m-913743,NA,www.workingnomads.com
Coding Tech Bootcamp - Job Guaranteed by Metana,Metana,NA,NA,www.workingnomads.com
Infrastructure Software Engineer - Data Catalog & Governance,Dropbox,/jobs/infrastructure-software-engineer-data-catalog-governance-dropbox-913741,NA,www.workingnomads.com
Coding Tech Bootcamp - Job Guaranteed by Metana,Metana,NA,NA,www.workingnomads.com
Business Development Manager (electricity wholesale market),Ajax Systems,/jobs/business-development-manager-electricity-wholesale-market-ajax-systems-913739,NA,www.workingnomads.com
Coding Tech Bootcamp - Job Guaranteed by Metana,Metana,NA,NA,www.workingnomads.com
Product Manager - Stripe Infrastructure,Stripe,/jobs/product-manager-stripe-infrastructure-stripe-913737,NA,www.workingnomads.com
Coding Tech Bootcamp - Job Guaranteed by Metana,Metana,NA,NA,www.workingnomads.com
Senor iOS Engineer,Goodnotes,/jobs/senor-ios-engineer-goodnotes-913735,NA,www.workingnomads.com
Coding Tech Bootcamp - Job Guaranteed by Metana,Metana,NA,NA,www.workingnomads.com
Senior DevOps Engineer,"Loka, Inc",/jobs/senior-devops-engineer-loka-inc-913618,NA,www.workingnomads.com
Coding Tech Bootcamp - Job Guaranteed by Metana,Metana,NA,NA,www.workingnomads.com
Systems Administrator,The Motley Fool,/jobs/systems-administrator-the-motley-fool-913616,NA,www.workingnomads.com
Coding Tech Bootcamp - Job Guaranteed by Metana,Metana,NA,NA,www.workingnomads.com
Senior iOS Engineer,Goodnotes,/jobs/senior-ios-engineer-goodnotes-913614,NA,www.workingnomads.com
Coding Tech Bootcamp - Job Guaranteed by Metana,Metana,NA,NA,www.workingnomads.com
Senior Staff Software Engineer - Marketing Technology,Airbnb,/jobs/senior-staff-software-engineer-marketing-technology-airbnb-913612,NA,www.workingnomads.com
Coding Tech Bootcamp - Job Guaranteed by Metana,Metana,NA,NA,www.workingnomads.com
Account Executive - Laser Scanning - PNW Region,NavVis,/jobs/account-executive-laser-scanning-pnw-region-navvis-913610,NA,www.workingnomads.com
Coding Tech Bootcamp - Job Guaranteed by Metana,Metana,NA,NA,www.workingnomads.com
Senior iOS Engineer,Goodnotes,/jobs/senior-ios-engineer-goodnotes-913608,NA,www.workingnomads.com
Coding Tech Bootcamp - Job Guaranteed by Metana,Metana,NA,NA,www.workingnomads.com
Senior Software Engineer - Fullstack,Pinterest,/jobs/senior-software-engineer-fullstack-pinterest-913606,NA,www.workingnomads.com
Coding Tech Bootcamp - Job Guaranteed by Metana,Metana,NA,NA,www.workingnomads.com
Staff Backend Engineer - Media Foundation,Airbnb,/jobs/staff-backend-engineer-media-foundation-airbnb-913604,NA,www.workingnomads.com
Coding Tech Bootcamp - Job Guaranteed by Metana,Metana,NA,NA,www.workingnomads.com
Customer Success Specialist,Broadvoice,/jobs/customer-success-specialist-broadvoice-913602,NA,www.workingnomads.com
Coding Tech Bootcamp - Job Guaranteed by Metana,Metana,NA,NA,www.workingnomads.com
Staff Decision Analyst,"Eventbrite, Inc.",/jobs/staff-decision-analyst-eventbrite-inc-913600,NA,www.workingnomads.com
Coding Tech Bootcamp - Job Guaranteed by Metana,Metana,NA,NA,www.workingnomads.com
InfoSec Internship,QuinStreet,/jobs/infosec-internship-quinstreet-913592,NA,www.workingnomads.com
Coding Tech Bootcamp - Job Guaranteed by Metana,Metana,NA,NA,www.workingnomads.com
Machine Learning Lead,"Loka, Inc",/jobs/machine-learning-lead-loka-inc-913590,NA,www.workingnomads.com
Coding Tech Bootcamp - Job Guaranteed by Metana,Metana,NA,NA,www.workingnomads.com
Lead iOS Engineer,Goodnotes,/jobs/lead-ios-engineer-goodnotes-913588,NA,www.workingnomads.com
Coding Tech Bootcamp - Job Guaranteed by Metana,Metana,NA,NA,www.workingnomads.com
"Lead Software Engineer, Windows",Goodnotes,/jobs/lead-software-engineer-windows-goodnotes-913586,NA,www.workingnomads.com
Coding Tech Bootcamp - Job Guaranteed by Metana,Metana,NA,NA,www.workingnomads.com
Senior Backend Engineer,Blinkist,/jobs/senior-backend-engineer-blinkist-913584,NA,www.workingnomads.com
Coding Tech Bootcamp - Job Guaranteed by Metana,Metana,NA,NA,www.workingnomads.com
Senior iOS Engineer,Goodnotes,/jobs/senior-ios-engineer-goodnotes-913582,NA,www.workingnomads.com
Coding Tech Bootcamp - Job Guaranteed by Metana,Metana,NA,NA,www.workingnomads.com
Prospective Candidates,Canopy Connect,/jobs/prospective-candidates-canopy-connect-913580,NA,www.workingnomads.com
Coding Tech Bootcamp - Job Guaranteed by Metana,Metana,NA,NA,www.workingnomads.com
Retail Partnership Manager,Syndigo,/jobs/retail-partnership-manager-syndigo-913578,NA,www.workingnomads.com
Coding Tech Bootcamp - Job Guaranteed by Metana,Metana,NA,NA,www.workingnomads.com
Senior Portfolio Lead,eClinical Solutions,/jobs/senior-portfolio-lead-eclinical-solutions-913576,NA,www.workingnomads.com
Coding Tech Bootcamp - Job Guaranteed by Metana,Metana,NA,NA,www.workingnomads.com
Senior Learning & Development Specialist,"Loka, Inc",/jobs/senior-learning-development-specialist-loka-inc-913574,NA,www.workingnomads.com
Coding Tech Bootcamp - Job Guaranteed by Metana,Metana,NA,NA,www.workingnomads.com
Overlay Sales Specialist - ServiceNow,TTEC Digital,/jobs/overlay-sales-specialist-servicenow-ttec-digital-913448,NA,www.workingnomads.com
Coding Tech Bootcamp - Job Guaranteed by Metana,Metana,NA,NA,www.workingnomads.com
Sr. Procurement Transformation Architect,Tonkean,/jobs/sr-procurement-transformation-architect-tonkean-913446,NA,www.workingnomads.com
Coding Tech Bootcamp - Job Guaranteed by Metana,Metana,NA,NA,www.workingnomads.com
Account Executive,Cofactr,/jobs/account-executive-cofactr-913444,NA,www.workingnomads.com
Coding Tech Bootcamp - Job Guaranteed by Metana,Metana,NA,NA,www.workingnomads.com
Customer Support Specialist I,SQUIRE,/jobs/customer-support-specialist-i-squire-913442,NA,www.workingnomads.com
Coding Tech Bootcamp - Job Guaranteed by Metana,Metana,NA,NA,www.workingnomads.com
Performance Tester,Ardent,/jobs/performance-tester-ardent-913440,NA,www.workingnomads.com
Coding Tech Bootcamp - Job Guaranteed by Metana,Metana,NA,NA,www.workingnomads.com
Senior Technical Account Manager,Kasada,/jobs/senior-technical-account-manager-kasada-913438,NA,www.workingnomads.com
Coding Tech Bootcamp - Job Guaranteed by Metana,Metana,NA,NA,www.workingnomads.com
Webflow Designer & Developer,Guidebook,/jobs/webflow-designer-developer-guidebook,NA,www.workingnomads.com
Coding Tech Bootcamp - Job Guaranteed by Metana,Metana,NA,NA,www.workingnomads.com
Senior UI/UX Designer,Finalsite,/jobs/senior-uiux-designer-finalsite-913205,NA,www.workingnomads.com
Coding Tech Bootcamp - Job Guaranteed by Metana,Metana,NA,NA,www.workingnomads.com
Social Media Content Creator,Zepz,/jobs/social-media-content-creator-zepz,NA,www.workingnomads.com
Coding Tech Bootcamp - Job Guaranteed by Metana,Metana,NA,NA,www.workingnomads.com
Senior Full Stack Engineer (FE leaning),Synthesia,/jobs/senior-full-stack-engineer-fe-leaning-synthesia,NA,www.workingnomads.com
Coding Tech Bootcamp - Job Guaranteed by Metana,Metana,NA,NA,www.workingnomads.com
Solutions Consultant,Syndigo,/jobs/solutions-consultant-syndigo,NA,www.workingnomads.com
Coding Tech Bootcamp - Job Guaranteed by Metana,Metana,NA,NA,www.workingnomads.com
Sr. Technical Program Manager - Curation,Pinterest,/jobs/sr-technical-program-manager-curation-pinterest,NA,www.workingnomads.com
Coding Tech Bootcamp - Job Guaranteed by Metana,Metana,NA,NA,www.workingnomads.com
Staff Product Manager - Collages,Pinterest,/jobs/staff-product-manager-collages-pinterest,NA,www.workingnomads.com
Coding Tech Bootcamp - Job Guaranteed by Metana,Metana,NA,NA,www.workingnomads.com
Manager - Operations Enablement,Strive Health,/jobs/manager-operations-enablement-strive-health,NA,www.workingnomads.com
Coding Tech Bootcamp - Job Guaranteed by Metana,Metana,NA,NA,www.workingnomads.com
Senior Product Manager,SupportLogic,/jobs/senior-product-manager-supportlogic,NA,www.workingnomads.com
Coding Tech Bootcamp - Job Guaranteed by Metana,Metana,NA,NA,www.workingnomads.com
Mid-Market Account Executive,HubSpot,/jobs/mid-market-account-executive-hubspot-913129,NA,www.workingnomads.com
Coding Tech Bootcamp - Job Guaranteed by Metana,Metana,NA,NA,www.workingnomads.com
Product Designer II - Trends and Measurement,Pinterest,/jobs/product-designer-ii-trends-and-measurement-pinterest,NA,www.workingnomads.com
Coding Tech Bootcamp - Job Guaranteed by Metana,Metana,NA,NA,www.workingnomads.com
Account Executive - Nutrition & Wellness,Syndigo,/jobs/account-executive-nutrition-wellness-syndigo-913126,NA,www.workingnomads.com
Coding Tech Bootcamp - Job Guaranteed by Metana,Metana,NA,NA,www.workingnomads.com
Director of Engineering - FinTech Billing,HubSpot,/jobs/director-of-engineering-fintech-billing-hubspot,NA,www.workingnomads.com
Coding Tech Bootcamp - Job Guaranteed by Metana,Metana,NA,NA,www.workingnomads.com
Staff Software Engineer - BizTech,Airbnb,/jobs/staff-software-engineer-biztech-airbnb-913123,NA,www.workingnomads.com
Coding Tech Bootcamp - Job Guaranteed by Metana,Metana,NA,NA,www.workingnomads.com
Senior Programs and Business Operations Lead,Airbnb,/jobs/senior-programs-and-business-operations-lead-airbnb-913121,NA,www.workingnomads.com
Coding Tech Bootcamp - Job Guaranteed by Metana,Metana,NA,NA,www.workingnomads.com
Engineering Manager - BizTech,Airbnb,/jobs/engineering-manager-biztech-airbnb,NA,www.workingnomads.com
Coding Tech Bootcamp - Job Guaranteed by Metana,Metana,NA,NA,www.workingnomads.com
Product Designer I - Search,Pinterest,/jobs/product-designer-i-search-pinterest,NA,www.workingnomads.com
Coding Tech Bootcamp - Job Guaranteed by Metana,Metana,NA,NA,www.workingnomads.com
Senior Application Security Engineer (Viator),Tripadvisor,/jobs/senior-application-security-engineer-viator-tripadvisor,NA,www.workingnomads.com
Coding Tech Bootcamp - Job Guaranteed by Metana,Metana,NA,NA,www.workingnomads.com
Senior Manager - Stays Operations,Airbnb,/jobs/senior-manager-stays-operations-airbnb,NA,www.workingnomads.com
Coding Tech Bootcamp - Job Guaranteed by Metana,Metana,NA,NA,www.workingnomads.com
Senior Ecosystem Manager - Linea,Consensys,/jobs/senior-ecosystem-manager-linea-consensys,NA,www.workingnomads.com
Coding Tech Bootcamp - Job Guaranteed by Metana,Metana,NA,NA,www.workingnomads.com
Mobile Product Designer,Leonardo.Ai,/jobs/mobile-product-designer-leonardoai,NA,www.workingnomads.com
Coding Tech Bootcamp - Job Guaranteed by Metana,Metana,NA,NA,www.workingnomads.com
AI-Augmented Senior Frontend Engineer,Belong,/jobs/ai-augmented-senior-frontend-engineer-belong,NA,www.workingnomads.com
Coding Tech Bootcamp - Job Guaranteed by Metana,Metana,NA,NA,www.workingnomads.com
Quality Compliance Program Manager,Mapbox,/jobs/quality-compliance-program-manager-mapbox,NA,www.workingnomads.com
Coding Tech Bootcamp - Job Guaranteed by Metana,Metana,NA,NA,www.workingnomads.com
Account Consultant- Commercial Property Experience Preferred,Sedgwick,/jobs/account-consultant-commercial-property-experience-preferred-sedgwick,NA,www.workingnomads.com
Coding Tech Bootcamp - Job Guaranteed by Metana,Metana,NA,NA,www.workingnomads.com
Principal Backend Engineer,Vidmob,/jobs/principal-backend-engineer-vidmob,NA,www.workingnomads.com
Coding Tech Bootcamp - Job Guaranteed by Metana,Metana,NA,NA,www.workingnomads.com
Software Development Engineer II (C++),Mapbox,/jobs/software-development-engineer-ii-c-mapbox,NA,www.workingnomads.com
Coding Tech Bootcamp - Job Guaranteed by Metana,Metana,NA,NA,www.workingnomads.com
Recruiting Coordinator,Mapbox,/jobs/recruiting-coordinator-mapbox-913102,NA,www.workingnomads.com
Coding Tech Bootcamp - Job Guaranteed by Metana,Metana,NA,NA,www.workingnomads.com
Corporate Counsel,Finalsite,/jobs/corporate-counsel-finalsite,NA,www.workingnomads.com
Coding Tech Bootcamp - Job Guaranteed by Metana,Metana,NA,NA,www.workingnomads.com
Senior Licensing Manager (Inside Sales),ASCAP,/jobs/senior-licensing-manager-inside-sales-ascap,NA,www.workingnomads.com
Coding Tech Bootcamp - Job Guaranteed by Metana,Metana,NA,NA,www.workingnomads.com
Licensing Manager (Inside Sales),ASCAP,/jobs/licensing-manager-inside-sales-ascap,NA,www.workingnomads.com
Coding Tech Bootcamp - Job Guaranteed by Metana,Metana,NA,NA,www.workingnomads.com
Senior Customer Success Architect,GitLab,/jobs/senior-customer-success-architect-gitlab,NA,www.workingnomads.com
Coding Tech Bootcamp - Job Guaranteed by Metana,Metana,NA,NA,www.workingnomads.com
Software Engineer - Edge,Vercel,/jobs/software-engineer-edge-vercel-913096,NA,www.workingnomads.com
Coding Tech Bootcamp - Job Guaranteed by Metana,Metana,NA,NA,www.workingnomads.com
Software Engineer - Modern Deployments,Octopus Deploy,/jobs/software-engineer-modern-deployments-octopus-deploy,NA,www.workingnomads.com
Coding Tech Bootcamp - Job Guaranteed by Metana,Metana,NA,NA,www.workingnomads.com
Sales Manager,Cloudbeds,/jobs/sales-manager-cloudbeds-913093,NA,www.workingnomads.com
Coding Tech Bootcamp - Job Guaranteed by Metana,Metana,NA,NA,www.workingnomads.com
Senior UI/UX Artist - Hole.io,Voodoo,/jobs/senior-uiux-artist-holeio-voodoo,NA,www.workingnomads.com
Coding Tech Bootcamp - Job Guaranteed by Metana,Metana,NA,NA,www.workingnomads.com
Staff Software Engineer - Web Test Engineering,Reddit,/jobs/staff-software-engineer-web-test-engineering-reddit-913090,NA,www.workingnomads.com
Coding Tech Bootcamp - Job Guaranteed by Metana,Metana,NA,NA,www.workingnomads.com
Regional Director - Enterprise Sales,Cloudbeds,/jobs/regional-director-enterprise-sales-cloudbeds,NA,www.workingnomads.com
Coding Tech Bootcamp - Job Guaranteed by Metana,Metana,NA,NA,www.workingnomads.com
Staff Software Engineer - Loki Query,Grafana Labs,/jobs/staff-software-engineer-loki-query-grafana-labs-913087,NA,www.workingnomads.com
Coding Tech Bootcamp - Job Guaranteed by Metana,Metana,NA,NA,www.workingnomads.com
"Intermediate Backend Engineer (Ruby on Rails), Plan: Project Management",GitLab,/jobs/intermediate-backend-engineer-ruby-on-rails-plan-project-management-gitlab,NA,www.workingnomads.com
Coding Tech Bootcamp - Job Guaranteed by Metana,Metana,NA,NA,www.workingnomads.com
Data Scientist (Snowflake),Massive Rocket,/jobs/data-scientist-snowflake-massive-rocket,NA,www.workingnomads.com
Coding Tech Bootcamp - Job Guaranteed by Metana,Metana,NA,NA,www.workingnomads.com
Leave Specialist,Sparrow,/jobs/leave-specialist-sparrow-913083,NA,www.workingnomads.com
Coding Tech Bootcamp - Job Guaranteed by Metana,Metana,NA,NA,www.workingnomads.com
Senior Snowflake Consultant,Massive Rocket,/jobs/senior-snowflake-consultant-massive-rocket,NA,www.workingnomads.com
Coding Tech Bootcamp - Job Guaranteed by Metana,Metana,NA,NA,www.workingnomads.com
Senior Frontend Engineer - SP Success,Webflow,/jobs/senior-frontend-engineer-sp-success-webflow-913080,NA,www.workingnomads.com
Coding Tech Bootcamp - Job Guaranteed by Metana,Metana,NA,NA,www.workingnomads.com
Staff Software Engineer - Loki Query,Grafana Labs,/jobs/staff-software-engineer-loki-query-grafana-labs-913078,NA,www.workingnomads.com
Coding Tech Bootcamp - Job Guaranteed by Metana,Metana,NA,NA,www.workingnomads.com
Staff Software Engineer - Loki Query,Grafana Labs,/jobs/staff-software-engineer-loki-query-grafana-labs-913076,NA,www.workingnomads.com
Coding Tech Bootcamp - Job Guaranteed by Metana,Metana,NA,NA,www.workingnomads.com
Sales Development Representative,Vercel,/jobs/sales-development-representative-vercel-913074,NA,www.workingnomads.com
Coding Tech Bootcamp - Job Guaranteed by Metana,Metana,NA,NA,www.workingnomads.com
Staff Software Engineer - Loki Query,Grafana Labs,/jobs/staff-software-engineer-loki-query-grafana-labs,NA,www.workingnomads.com
Coding Tech Bootcamp - Job Guaranteed by Metana,Metana,NA,NA,www.workingnomads.com
Senior Backend Engineer,Sporty Group,/jobs/senior-backend-engineer-sporty-group-913071,NA,www.workingnomads.com
Coding Tech Bootcamp - Job Guaranteed by Metana,Metana,NA,NA,www.workingnomads.com
Corporate Onboarding Specialist,Xapo Bank,/jobs/corporate-onboarding-specialist-xapo-bank,NA,www.workingnomads.com
Coding Tech Bootcamp - Job Guaranteed by Metana,Metana,NA,NA,www.workingnomads.com
Senior iOS Engineer,Goodnotes,/jobs/senior-ios-engineer-goodnotes-913068,NA,www.workingnomads.com
Coding Tech Bootcamp - Job Guaranteed by Metana,Metana,NA,NA,www.workingnomads.com
Senior iOS Engineer,Goodnotes,/jobs/senior-ios-engineer-goodnotes-913066,NA,www.workingnomads.com
Coding Tech Bootcamp - Job Guaranteed by Metana,Metana,NA,NA,www.workingnomads.com
Staff Web Engineer - Guest & Host,Airbnb,/jobs/staff-web-engineer-guest-host-airbnb,NA,www.workingnomads.com
Coding Tech Bootcamp - Job Guaranteed by Metana,Metana,NA,NA,www.workingnomads.com
Software Engineer,eClinical Solutions,/jobs/software-engineer-eclinical-solutions-912538,NA,www.workingnomads.com
Coding Tech Bootcamp - Job Guaranteed by Metana,Metana,NA,NA,www.workingnomads.com
Technical Writer,Vonage,/jobs/technical-writer-vonage-912529,NA,www.workingnomads.com
Coding Tech Bootcamp - Job Guaranteed by Metana,Metana,NA,NA,www.workingnomads.com
Sr Manager - Software Engineering ( AI Domain),G-P,/jobs/sr-manager-software-engineering-ai-domain-g-p-912518,NA,www.workingnomads.com
Coding Tech Bootcamp - Job Guaranteed by Metana,Metana,NA,NA,www.workingnomads.com
Partner Coordinator,phData,/jobs/partner-coordinator-phdata-912516,NA,www.workingnomads.com
Coding Tech Bootcamp - Job Guaranteed by Metana,Metana,NA,NA,www.workingnomads.com
Solutions Architect,Cobalt,/jobs/solutions-architect-cobalt,NA,www.workingnomads.com
Coding Tech Bootcamp - Job Guaranteed by Metana,Metana,NA,NA,www.workingnomads.com
Compliance Onboarding Analyst,HitPay,/jobs/compliance-onboarding-analyst-hitpay-912512,NA,www.workingnomads.com
Coding Tech Bootcamp - Job Guaranteed by Metana,Metana,NA,NA,www.workingnomads.com
Senior Content Marketing Manager,Leonardo.Ai,/jobs/senior-content-marketing-manager-leonardoai,NA,www.workingnomads.com
Coding Tech Bootcamp - Job Guaranteed by Metana,Metana,NA,NA,www.workingnomads.com
Python Software Developer,Varicent,/jobs/python-software-developer-varicent-912509,NA,www.workingnomads.com
Coding Tech Bootcamp - Job Guaranteed by Metana,Metana,NA,NA,www.workingnomads.com
Backend Software Developer,Varicent,/jobs/backend-software-developer-varicent-912507,NA,www.workingnomads.com
Coding Tech Bootcamp - Job Guaranteed by Metana,Metana,NA,NA,www.workingnomads.com
Member of Technical Staff - Applied Research Lead,Runway,/jobs/member-of-technical-staff-applied-research-lead-runway-912505,NA,www.workingnomads.com
Coding Tech Bootcamp - Job Guaranteed by Metana,Metana,NA,NA,www.workingnomads.com
Client Analytics Partner,StackAdapt,/jobs/client-analytics-partner-stackadapt-912503,NA,www.workingnomads.com
Coding Tech Bootcamp - Job Guaranteed by Metana,Metana,NA,NA,www.workingnomads.com
Engineering Manager - Machine Learning,Runway,/jobs/engineering-manager-machine-learning-runway-912501,NA,www.workingnomads.com
Coding Tech Bootcamp - Job Guaranteed by Metana,Metana,NA,NA,www.workingnomads.com
Senior Software Engineer - Webflow Labs,Webflow,/jobs/senior-software-engineer-webflow-labs-webflow-912499,NA,www.workingnomads.com
Coding Tech Bootcamp - Job Guaranteed by Metana,Metana,NA,NA,www.workingnomads.com
Engineering Manager - Machine Learning,Apollo.io,/jobs/engineering-manager-machine-learning-apolloio-912497,NA,www.workingnomads.com
Coding Tech Bootcamp - Job Guaranteed by Metana,Metana,NA,NA,www.workingnomads.com
Client Analytics Partner,StackAdapt,/jobs/client-analytics-partner-stackadapt-912495,NA,www.workingnomads.com
Coding Tech Bootcamp - Job Guaranteed by Metana,Metana,NA,NA,www.workingnomads.com
Member of Technical Staff - Applied Research,Runway,/jobs/member-of-technical-staff-applied-research-runway-912493,NA,www.workingnomads.com
Coding Tech Bootcamp - Job Guaranteed by Metana,Metana,NA,NA,www.workingnomads.com
Senior Product Platform Engineer,Lumos,/jobs/senior-product-platform-engineer-lumos-912491,NA,www.workingnomads.com
Coding Tech Bootcamp - Job Guaranteed by Metana,Metana,NA,NA,www.workingnomads.com
Member of Technical Staff - Backend,Runway,/jobs/member-of-technical-staff-backend-runway-912489,NA,www.workingnomads.com
Coding Tech Bootcamp - Job Guaranteed by Metana,Metana,NA,NA,www.workingnomads.com
Sr. Manager - Engineering,Splice,/jobs/sr-manager-engineering-splice-912487,NA,www.workingnomads.com
Coding Tech Bootcamp - Job Guaranteed by Metana,Metana,NA,NA,www.workingnomads.com
Senior Account Manager - Buyer Development,OpenX,/jobs/senior-account-manager-buyer-development-openx,NA,www.workingnomads.com
Coding Tech Bootcamp - Job Guaranteed by Metana,Metana,NA,NA,www.workingnomads.com
Staff Product Platform Engineer,Lumos,/jobs/staff-product-platform-engineer-lumos-912484,NA,www.workingnomads.com
Coding Tech Bootcamp - Job Guaranteed by Metana,Metana,NA,NA,www.workingnomads.com
Member of Technical Staff - Machine Learning Optimization,Runway,/jobs/member-of-technical-staff-machine-learning-optimization-runway,NA,www.workingnomads.com
Coding Tech Bootcamp - Job Guaranteed by Metana,Metana,NA,NA,www.workingnomads.com
Equity Operations Manager,Figma,/jobs/equity-operations-manager-figma-912481,NA,www.workingnomads.com
Coding Tech Bootcamp - Job Guaranteed by Metana,Metana,NA,NA,www.workingnomads.com
Analytics Engineer,Messari,/jobs/analytics-engineer-messari-912479,NA,www.workingnomads.com
Coding Tech Bootcamp - Job Guaranteed by Metana,Metana,NA,NA,www.workingnomads.com
Research Manager - Foundation Models,Runway,/jobs/research-manager-foundation-models-runway-912477,NA,www.workingnomads.com
Coding Tech Bootcamp - Job Guaranteed by Metana,Metana,NA,NA,www.workingnomads.com
Senior Backend Engineer,Apollo.io,/jobs/senior-backend-engineer-apolloio-912475,NA,www.workingnomads.com
Coding Tech Bootcamp - Job Guaranteed by Metana,Metana,NA,NA,www.workingnomads.com
Senior Manager - Revenue Operations,Webflow,/jobs/senior-manager-revenue-operations-webflow,NA,www.workingnomads.com
Coding Tech Bootcamp - Job Guaranteed by Metana,Metana,NA,NA,www.workingnomads.com
Enterprise Sales Development Representative (SDR),Webflow,/jobs/enterprise-sales-development-representative-sdr-webflow,NA,www.workingnomads.com
Coding Tech Bootcamp - Job Guaranteed by Metana,Metana,NA,NA,www.workingnomads.com
"SDR (English, Spanish & French)",Lodgify,/jobs/sdr-english-spanish-french-lodgify,NA,www.workingnomads.com
Coding Tech Bootcamp - Job Guaranteed by Metana,Metana,NA,NA,www.workingnomads.com
Member of Technical Staff - Frontend,Runway,/jobs/member-of-technical-staff-frontend-runway-912468,NA,www.workingnomads.com
Coding Tech Bootcamp - Job Guaranteed by Metana,Metana,NA,NA,www.workingnomads.com
Principal Partner Success Manager,Anaplan,/jobs/principal-partner-success-manager-anaplan,NA,www.workingnomads.com
Coding Tech Bootcamp - Job Guaranteed by Metana,Metana,NA,NA,www.workingnomads.com
Director Global Partner Success,Anaplan,/jobs/director-global-partner-success-anaplan,NA,www.workingnomads.com
Coding Tech Bootcamp - Job Guaranteed by Metana,Metana,NA,NA,www.workingnomads.com
"Fall Machine Learning Intern (Advance Technology Group - Visual, Multimodal & Recommender Systems)",Pinterest,/jobs/fall-machine-learning-intern-advance-technology-group-visual-multimodal-recommender-systems-pinterest,NA,www.workingnomads.com
Coding Tech Bootcamp - Job Guaranteed by Metana,Metana,NA,NA,www.workingnomads.com
Staff Software Engineer - Community Support Engineering,Airbnb,/jobs/staff-software-engineer-community-support-engineering-airbnb-912463,NA,www.workingnomads.com
Coding Tech Bootcamp - Job Guaranteed by Metana,Metana,NA,NA,www.workingnomads.com
Senior Staff Software Engineer - Reliability Engineering,Airbnb,/jobs/senior-staff-software-engineer-reliability-engineering-airbnb,NA,www.workingnomads.com
Coding Tech Bootcamp - Job Guaranteed by Metana,Metana,NA,NA,www.workingnomads.com
Global Sales Enablement Manager,Creatio,/jobs/global-sales-enablement-manager-creatio,NA,www.workingnomads.com
Coding Tech Bootcamp - Job Guaranteed by Metana,Metana,NA,NA,www.workingnomads.com
Genetic Counselor,Everly Health,/jobs/genetic-counselor-everly-health,NA,www.workingnomads.com
Coding Tech Bootcamp - Job Guaranteed by Metana,Metana,NA,NA,www.workingnomads.com
Salesforce Solution Architect - Consultant,Innovecs,/jobs/salesforce-solution-architect-consultant-innovecs-912458,NA,www.workingnomads.com
Coding Tech Bootcamp - Job Guaranteed by Metana,Metana,NA,NA,www.workingnomads.com
Regional Sales Manager - Eye Care,Viatris,/jobs/regional-sales-manager-eye-care-viatris,NA,www.workingnomads.com
Coding Tech Bootcamp - Job Guaranteed by Metana,Metana,NA,NA,www.workingnomads.com
Legal Director,Influur,/jobs/legal-director-influur,NA,www.workingnomads.com
Coding Tech Bootcamp - Job Guaranteed by Metana,Metana,NA,NA,www.workingnomads.com
AI Ecosystem Analyst,Quora,/jobs/ai-ecosystem-analyst-quora,NA,www.workingnomads.com
Coding Tech Bootcamp - Job Guaranteed by Metana,Metana,NA,NA,www.workingnomads.com
Business Development Manager - Brave Search API,Brave,/jobs/business-development-manager-brave-search-api-brave,NA,www.workingnomads.com
Coding Tech Bootcamp - Job Guaranteed by Metana,Metana,NA,NA,www.workingnomads.com
Technical Customer Support II,Broadvoice,/jobs/technical-customer-support-ii-broadvoice-912415,NA,www.workingnomads.com
Coding Tech Bootcamp - Job Guaranteed by Metana,Metana,NA,NA,www.workingnomads.com
Senior Presales Solutions Architect - Identity,Cyderes,/jobs/senior-presales-solutions-architect-identity-cyderes,NA,www.workingnomads.com
Coding Tech Bootcamp - Job Guaranteed by Metana,Metana,NA,NA,www.workingnomads.com
Strategic Account Executive (SaaS - Supply Chain - Risk),Everstream Analytics,/jobs/strategic-account-executive-saas-supply-chain-risk-everstream-analytics-912360,NA,www.workingnomads.com
Coding Tech Bootcamp - Job Guaranteed by Metana,Metana,NA,NA,www.workingnomads.com
Senior Data Engineer,Nearform,/jobs/senior-data-engineer-nearform-912358,NA,www.workingnomads.com
Coding Tech Bootcamp - Job Guaranteed by Metana,Metana,NA,NA,www.workingnomads.com
QA Automation Engineer II,Outliant,/jobs/qa-automation-engineer-ii-outliant-912356,NA,www.workingnomads.com
Coding Tech Bootcamp - Job Guaranteed by Metana,Metana,NA,NA,www.workingnomads.com
Senior Data Engineer,Nearform,/jobs/senior-data-engineer-nearform-912354,NA,www.workingnomads.com
Coding Tech Bootcamp - Job Guaranteed by Metana,Metana,NA,NA,www.workingnomads.com
Senior Data Engineer,Nearform,/jobs/senior-data-engineer-nearform-912352,NA,www.workingnomads.com
Coding Tech Bootcamp - Job Guaranteed by Metana,Metana,NA,NA,www.workingnomads.com
Senior Software Engineer,Invisible Technologies,/jobs/senior-software-engineer-invisible-technologies-912350,NA,www.workingnomads.com
Coding Tech Bootcamp - Job Guaranteed by Metana,Metana,NA,NA,www.workingnomads.com
Senior Data Engineer,Nearform,/jobs/senior-data-engineer-nearform-912348,NA,www.workingnomads.com
Coding Tech Bootcamp - Job Guaranteed by Metana,Metana,NA,NA,www.workingnomads.com
Events Manager,Hostaway,/jobs/events-manager-hostaway,NA,www.workingnomads.com
Coding Tech Bootcamp - Job Guaranteed by Metana,Metana,NA,NA,www.workingnomads.com
Senior Product Manager | Cloud Security,ExtraHop,/jobs/senior-product-manager-cloud-security-extrahop,NA,www.workingnomads.com
Coding Tech Bootcamp - Job Guaranteed by Metana,Metana,NA,NA,www.workingnomads.com
Software Engineering Team Lead,Sporty Group,/jobs/software-engineering-team-lead-sporty-group-912343,NA,www.workingnomads.com
Coding Tech Bootcamp - Job Guaranteed by Metana,Metana,NA,NA,www.workingnomads.com
Senior UIUX Designer,Sporty Group,/jobs/senior-uiux-designer-sporty-group-912341,NA,www.workingnomads.com
Coding Tech Bootcamp - Job Guaranteed by Metana,Metana,NA,NA,www.workingnomads.com
Senior Workday Analyst - Time Tracking & Absence,Dropbox,/jobs/senior-workday-analyst-time-tracking-absence-dropbox-912339,NA,www.workingnomads.com
Coding Tech Bootcamp - Job Guaranteed by Metana,Metana,NA,NA,www.workingnomads.com
Manager - Risk Operations Enablement,Stripe,/jobs/manager-risk-operations-enablement-stripe-912337,NA,www.workingnomads.com
Coding Tech Bootcamp - Job Guaranteed by Metana,Metana,NA,NA,www.workingnomads.com
Senior Workday Analyst - Time Tracking & Absence,Dropbox,/jobs/senior-workday-analyst-time-tracking-absence-dropbox,NA,www.workingnomads.com
Coding Tech Bootcamp - Job Guaranteed by Metana,Metana,NA,NA,www.workingnomads.com
Senior Payroll Accountant,eClinical Solutions,/jobs/senior-payroll-accountant-eclinical-solutions,NA,www.workingnomads.com
Coding Tech Bootcamp - Job Guaranteed by Metana,Metana,NA,NA,www.workingnomads.com
Engineering Manager - Analytics,Lattice,/jobs/engineering-manager-analytics-lattice,NA,www.workingnomads.com
Coding Tech Bootcamp - Job Guaranteed by Metana,Metana,NA,NA,www.workingnomads.com
Senior Assistant - Talent Acquisition,ClinChoice,/jobs/senior-assistant-talent-acquisition-clinchoice-912332,NA,www.workingnomads.com
Coding Tech Bootcamp - Job Guaranteed by Metana,Metana,NA,NA,www.workingnomads.com
Senior Solutions Consultant - Consolidations,Anaplan,/jobs/senior-solutions-consultant-consolidations-anaplan-912330,NA,www.workingnomads.com
Coding Tech Bootcamp - Job Guaranteed by Metana,Metana,NA,NA,www.workingnomads.com
"Staff Software Engineer - Frontend, UI Extensions",HubSpot,/jobs/staff-software-engineer-frontend-ui-extensions-hubspot,NA,www.workingnomads.com
Coding Tech Bootcamp - Job Guaranteed by Metana,Metana,NA,NA,www.workingnomads.com
Principal Biostatistician-Study Lead,ClinChoice,/jobs/principal-biostatistician-study-lead-clinchoice-912310,NA,www.workingnomads.com
Coding Tech Bootcamp - Job Guaranteed by Metana,Metana,NA,NA,www.workingnomads.com
Operations Analyst,PermitFlow,/jobs/operations-analyst-permitflow,NA,www.workingnomads.com
Coding Tech Bootcamp - Job Guaranteed by Metana,Metana,NA,NA,www.workingnomads.com
"Senior Software Engineer II - (C++, QT)",Perforce,/jobs/senior-software-engineer-ii-c-qt-perforce-912302,NA,www.workingnomads.com
Coding Tech Bootcamp - Job Guaranteed by Metana,Metana,NA,NA,www.workingnomads.com
Senior Director - Data Migration,AffiniPay,/jobs/senior-director-data-migration-affinipay-912299,NA,www.workingnomads.com
Coding Tech Bootcamp - Job Guaranteed by Metana,Metana,NA,NA,www.workingnomads.com
Marketing Operations Manager,Conga,/jobs/marketing-operations-manager-conga-912296,NA,www.workingnomads.com
Coding Tech Bootcamp - Job Guaranteed by Metana,Metana,NA,NA,www.workingnomads.com
Senior Director - Customer Onboarding,AffiniPay,/jobs/senior-director-customer-onboarding-affinipay-912293,NA,www.workingnomads.com
Coding Tech Bootcamp - Job Guaranteed by Metana,Metana,NA,NA,www.workingnomads.com
Senior Assistant - Talent Acquisition,ClinChoice,/jobs/senior-assistant-talent-acquisition-clinchoice-912290,NA,www.workingnomads.com
Coding Tech Bootcamp - Job Guaranteed by Metana,Metana,NA,NA,www.workingnomads.com
Portfolio Manager,Optiv,/jobs/portfolio-manager-optiv-912287,NA,www.workingnomads.com
Coding Tech Bootcamp - Job Guaranteed by Metana,Metana,NA,NA,www.workingnomads.com
Lead Research Scientist,Viatris,/jobs/lead-research-scientist-viatris-912284,NA,www.workingnomads.com
Coding Tech Bootcamp - Job Guaranteed by Metana,Metana,NA,NA,www.workingnomads.com
Customer Success Engineer,GitLab,/jobs/customer-success-engineer-gitlab-912163,NA,www.workingnomads.com
Coding Tech Bootcamp - Job Guaranteed by Metana,Metana,NA,NA,www.workingnomads.com
Senior Customer Reliability Engineer,Teleport,/jobs/senior-customer-reliability-engineer-teleport-912161,NA,www.workingnomads.com
Coding Tech Bootcamp - Job Guaranteed by Metana,Metana,NA,NA,www.workingnomads.com
Business Consultant - Cloud Engagements,Rackspace,/jobs/business-consultant-cloud-engagements-rackspace-912159,NA,www.workingnomads.com
Coding Tech Bootcamp - Job Guaranteed by Metana,Metana,NA,NA,www.workingnomads.com
"Software Engineer III,Backend - Seamless Meal Tracking",MyFitnessPal,/jobs/software-engineer-iiibackend-seamless-meal-tracking-myfitnesspal-912157,NA,www.workingnomads.com
Coding Tech Bootcamp - Job Guaranteed by Metana,Metana,NA,NA,www.workingnomads.com
"Senior Backend Engineer - Identity, Security & Compliance",Webflow,/jobs/senior-backend-engineer-identity-security-compliance-webflow-912155,NA,www.workingnomads.com
Coding Tech Bootcamp - Job Guaranteed by Metana,Metana,NA,NA,www.workingnomads.com
Managing Editor - NFL,The Athletic Media Company,/jobs/managing-editor-nfl-the-athletic-media-company-912153,NA,www.workingnomads.com
Coding Tech Bootcamp - Job Guaranteed by Metana,Metana,NA,NA,www.workingnomads.com
Associate Programming Editor,The Athletic Media Company,/jobs/associate-programming-editor-the-athletic-media-company-912151,NA,www.workingnomads.com
Coding Tech Bootcamp - Job Guaranteed by Metana,Metana,NA,NA,www.workingnomads.com
Privacy Analyst Mid-level,CloudWalk,/jobs/privacy-analyst-mid-level-cloudwalk-912149,NA,www.workingnomads.com
Coding Tech Bootcamp - Job Guaranteed by Metana,Metana,NA,NA,www.workingnomads.com
Commercial Legal Counsel,1Password,/jobs/commercial-legal-counsel-1password-912147,NA,www.workingnomads.com
Coding Tech Bootcamp - Job Guaranteed by Metana,Metana,NA,NA,www.workingnomads.com
"Sr Manager, Product Marketing - Identity & End User Experience",1Password,/jobs/sr-manager-product-marketing-identity-end-user-experience-1password-912145,NA,www.workingnomads.com
Coding Tech Bootcamp - Job Guaranteed by Metana,Metana,NA,NA,www.workingnomads.com
Privacy Analyst Mid-level (PCD/PWD),CloudWalk,/jobs/privacy-analyst-mid-level-pcdpwd-cloudwalk-912103,NA,www.workingnomads.com
Coding Tech Bootcamp - Job Guaranteed by Metana,Metana,NA,NA,www.workingnomads.com
Sales Engineer,Builder.io,/jobs/sales-engineer-builderio-912101,NA,www.workingnomads.com
Coding Tech Bootcamp - Job Guaranteed by Metana,Metana,NA,NA,www.workingnomads.com
"Sr Manager, Product Marketing - Devices & Applications",1Password,/jobs/sr-manager-product-marketing-devices-applications-1password-912099,NA,www.workingnomads.com
Coding Tech Bootcamp - Job Guaranteed by Metana,Metana,NA,NA,www.workingnomads.com
Enterprise Account Executive,Builder.io,/jobs/enterprise-account-executive-builderio-912097,NA,www.workingnomads.com
Coding Tech Bootcamp - Job Guaranteed by Metana,Metana,NA,NA,www.workingnomads.com
Staff Product Manager - New Products,Webflow,/jobs/staff-product-manager-new-products-webflow-912095,NA,www.workingnomads.com
Coding Tech Bootcamp - Job Guaranteed by Metana,Metana,NA,NA,www.workingnomads.com
Senior Machine Learning Engineer,Kalepa,/jobs/senior-machine-learning-engineer-kalepa-912093,NA,www.workingnomads.com
Coding Tech Bootcamp - Job Guaranteed by Metana,Metana,NA,NA,www.workingnomads.com
"Demand Generation Program Manager, Events",Grafana Labs,/jobs/demand-generation-program-manager-events-grafana-labs-912091,NA,www.workingnomads.com
Coding Tech Bootcamp - Job Guaranteed by Metana,Metana,NA,NA,www.workingnomads.com
Manager - Analytics Engineering,Webflow,/jobs/manager-analytics-engineering-webflow-912089,NA,www.workingnomads.com
Coding Tech Bootcamp - Job Guaranteed by Metana,Metana,NA,NA,www.workingnomads.com
"Staff Backend Engineer - Identity, Security, Compliance",Webflow,/jobs/staff-backend-engineer-identity-security-compliance-webflow-912087,NA,www.workingnomads.com
Coding Tech Bootcamp - Job Guaranteed by Metana,Metana,NA,NA,www.workingnomads.com
Senior Software Engineer,Adaptavist,/jobs/senior-software-engineer-adaptavist-912085,NA,www.workingnomads.com
Coding Tech Bootcamp - Job Guaranteed by Metana,Metana,NA,NA,www.workingnomads.com
Finance Project Manager,Trafilea,/jobs/finance-project-manager-trafilea-912027,NA,www.workingnomads.com
Coding Tech Bootcamp - Job Guaranteed by Metana,Metana,NA,NA,www.workingnomads.com
Business Development Representative,ScienceLogic,/jobs/business-development-representative-sciencelogic-912025,NA,www.workingnomads.com
Coding Tech Bootcamp - Job Guaranteed by Metana,Metana,NA,NA,www.workingnomads.com
Senior Backend Engineer,Apollo.io,/jobs/senior-backend-engineer-apolloio-912023,NA,www.workingnomads.com
Coding Tech Bootcamp - Job Guaranteed by Metana,Metana,NA,NA,www.workingnomads.com
Senior Frontend Engineer,Apollo.io,/jobs/senior-frontend-engineer-apolloio-912021,NA,www.workingnomads.com
Coding Tech Bootcamp - Job Guaranteed by Metana,Metana,NA,NA,www.workingnomads.com
Senior Product Designer,Maven,/jobs/senior-product-designer-maven-912019,NA,www.workingnomads.com
Coding Tech Bootcamp - Job Guaranteed by Metana,Metana,NA,NA,www.workingnomads.com
Sr. Software Engineer - Security,ScienceLogic,/jobs/sr-software-engineer-security-sciencelogic-912017,NA,www.workingnomads.com
Coding Tech Bootcamp - Job Guaranteed by Metana,Metana,NA,NA,www.workingnomads.com
QA Engineer II (Mid-Level),Outliant,/jobs/qa-engineer-ii-mid-level-outliant-912013,NA,www.workingnomads.com
Coding Tech Bootcamp - Job Guaranteed by Metana,Metana,NA,NA,www.workingnomads.com
IT Process Expert,Trafilea,/jobs/it-process-expert-trafilea-912011,NA,www.workingnomads.com
Coding Tech Bootcamp - Job Guaranteed by Metana,Metana,NA,NA,www.workingnomads.com
Content Strategist,Zowie,/jobs/content-strategist-zowie-912009,NA,www.workingnomads.com
Coding Tech Bootcamp - Job Guaranteed by Metana,Metana,NA,NA,www.workingnomads.com
"Software Engineer III, iOS - Ads",MyFitnessPal,/jobs/software-engineer-iii-ios-ads-myfitnesspal-911998,NA,www.workingnomads.com
Coding Tech Bootcamp - Job Guaranteed by Metana,Metana,NA,NA,www.workingnomads.com
Senior Lifecycle Marketing Manager,Modern Health,/jobs/senior-lifecycle-marketing-manager-modern-health-911996,NA,www.workingnomads.com
Coding Tech Bootcamp - Job Guaranteed by Metana,Metana,NA,NA,www.workingnomads.com
Sr. Manager - Technology Risk,Reddit,/jobs/sr-manager-technology-risk-reddit-911994,NA,www.workingnomads.com
Coding Tech Bootcamp - Job Guaranteed by Metana,Metana,NA,NA,www.workingnomads.com
Project Manager,Rackspace,/jobs/project-manager-rackspace-911992,NA,www.workingnomads.com
Coding Tech Bootcamp - Job Guaranteed by Metana,Metana,NA,NA,www.workingnomads.com
Staff Machine Learning Engineer - ML Understanding,Reddit,/jobs/staff-machine-learning-engineer-ml-understanding-reddit-911990,NA,www.workingnomads.com
Coding Tech Bootcamp - Job Guaranteed by Metana,Metana,NA,NA,www.workingnomads.com
Platform Software Engineer,JumpCloud,/jobs/platform-software-engineer-jumpcloud-911988,NA,www.workingnomads.com
Coding Tech Bootcamp - Job Guaranteed by Metana,Metana,NA,NA,www.workingnomads.com
Senior Fullstack Engineer - Workflows,Webflow,/jobs/senior-fullstack-engineer-workflows-webflow-911986,NA,www.workingnomads.com
Coding Tech Bootcamp - Job Guaranteed by Metana,Metana,NA,NA,www.workingnomads.com
Software Engineer (6+ years experience),Builder.io,/jobs/software-engineer-6-years-experience-builderio-911984,NA,www.workingnomads.com
Coding Tech Bootcamp - Job Guaranteed by Metana,Metana,NA,NA,www.workingnomads.com
Corporate Account Executive,Webflow,/jobs/corporate-account-executive-webflow-911982,NA,www.workingnomads.com
Coding Tech Bootcamp - Job Guaranteed by Metana,Metana,NA,NA,www.workingnomads.com
Embedded Software Engineering Intern,Kepler Communications,/jobs/embedded-software-engineering-intern-kepler-communications-911980,NA,www.workingnomads.com
Coding Tech Bootcamp - Job Guaranteed by Metana,Metana,NA,NA,www.workingnomads.com
EPM Solution Architect,Anaplan,/jobs/epm-solution-architect-anaplan-911968,NA,www.workingnomads.com
Coding Tech Bootcamp - Job Guaranteed by Metana,Metana,NA,NA,www.workingnomads.com
Senior Manager - Sales,HubSpot,/jobs/senior-manager-sales-hubspot-911966,NA,www.workingnomads.com
Coding Tech Bootcamp - Job Guaranteed by Metana,Metana,NA,NA,www.workingnomads.com
Outbound Sales Specialist,QuinStreet,/jobs/outbound-sales-specialist-quinstreet-911964,NA,www.workingnomads.com
Coding Tech Bootcamp - Job Guaranteed by Metana,Metana,NA,NA,www.workingnomads.com
Talent Acquisition Manager,Creatio,/jobs/talent-acquisition-manager-creatio,NA,www.workingnomads.com
Coding Tech Bootcamp - Job Guaranteed by Metana,Metana,NA,NA,www.workingnomads.com
Engineering Manager - Hotels,Airbnb,/jobs/engineering-manager-hotels-airbnb,NA,www.workingnomads.com
Coding Tech Bootcamp - Job Guaranteed by Metana,Metana,NA,NA,www.workingnomads.com
Principal Consultant - GRC/Security,Atmosera,/jobs/principal-consultant-grcsecurity-atmosera-911960,NA,www.workingnomads.com
Coding Tech Bootcamp - Job Guaranteed by Metana,Metana,NA,NA,www.workingnomads.com
Technical Support Engineer,Magnet Forensics,/jobs/technical-support-engineer-magnet-forensics-911958,NA,www.workingnomads.com
Coding Tech Bootcamp - Job Guaranteed by Metana,Metana,NA,NA,www.workingnomads.com
Solutions Architect,FireMon,/jobs/solutions-architect-firemon,NA,www.workingnomads.com
Coding Tech Bootcamp - Job Guaranteed by Metana,Metana,NA,NA,www.workingnomads.com
Senior Writing Manager - Research & Education,Sandberg Goldberg Bernthal Family Foundation,/jobs/senior-writing-manager-research-education-sandberg-goldberg-bernthal-family-foundation,NA,www.workingnomads.com
Coding Tech Bootcamp - Job Guaranteed by Metana,Metana,NA,NA,www.workingnomads.com
Site Reliability Engineer (Data),Zapier,/jobs/site-reliability-engineer-data-zapier,NA,www.workingnomads.com
Coding Tech Bootcamp - Job Guaranteed by Metana,Metana,NA,NA,www.workingnomads.com
Principle AI Safety Engineer: Technical Lead,General Motors,/jobs/principle-ai-safety-engineer-technical-lead-general-motors,NA,www.workingnomads.com
Coding Tech Bootcamp - Job Guaranteed by Metana,Metana,NA,NA,www.workingnomads.com
Principal AV Safety Engineer: SOTIF and Human Factors,General Motors,/jobs/principal-av-safety-engineer-sotif-and-human-factors-general-motors,NA,www.workingnomads.com
Coding Tech Bootcamp - Job Guaranteed by Metana,Metana,NA,NA,www.workingnomads.com
Autonomous Vehicle Safety Case Lead,General Motors,/jobs/autonomous-vehicle-safety-case-lead-general-motors,NA,www.workingnomads.com
Coding Tech Bootcamp - Job Guaranteed by Metana,Metana,NA,NA,www.workingnomads.com
Senior Machine Learning Engineer - Home Podcast,Spotify,/jobs/senior-machine-learning-engineer-home-podcast-spotify,NA,www.workingnomads.com
Coding Tech Bootcamp - Job Guaranteed by Metana,Metana,NA,NA,www.workingnomads.com
Senior AI & AV Safety Researcher,General Motors,/jobs/senior-ai-av-safety-researcher-general-motors,NA,www.workingnomads.com
Coding Tech Bootcamp - Job Guaranteed by Metana,Metana,NA,NA,www.workingnomads.com
Senior Mobile (React Native) Engineer,Kadmos,/jobs/senior-mobile-react-native-engineer-kadmos,NA,www.workingnomads.com
Coding Tech Bootcamp - Job Guaranteed by Metana,Metana,NA,NA,www.workingnomads.com
Principal Cribl Engineer,Optiv,/jobs/principal-cribl-engineer-remote-usa-optiv,NA,www.workingnomads.com
Coding Tech Bootcamp - Job Guaranteed by Metana,Metana,NA,NA,www.workingnomads.com
Staff Delivery Manager,Abbott,/jobs/staff-delivery-manager-abbott-911951,NA,www.workingnomads.com
Coding Tech Bootcamp - Job Guaranteed by Metana,Metana,NA,NA,www.workingnomads.com
Corporate Development Role (English and French Speaking),Harris,/jobs/corporate-development-role-english-and-french-speaking-harris,NA,www.workingnomads.com
Coding Tech Bootcamp - Job Guaranteed by Metana,Metana,NA,NA,www.workingnomads.com
Principal Product Manager,Mattermost,/jobs/principal-product-manager-mattermost-911948,NA,www.workingnomads.com
Coding Tech Bootcamp - Job Guaranteed by Metana,Metana,NA,NA,www.workingnomads.com
Implementation Manager,RapidAI,/jobs/implementation-manager-rapidai-911946,NA,www.workingnomads.com
Coding Tech Bootcamp - Job Guaranteed by Metana,Metana,NA,NA,www.workingnomads.com
Senior Full Stack Engineer - Planning,StackAdapt,/jobs/senior-full-stack-engineer-planning-stackadapt-911944,NA,www.workingnomads.com
Coding Tech Bootcamp - Job Guaranteed by Metana,Metana,NA,NA,www.workingnomads.com
"Director of Product Management, -Managed Driver Experience",Platform Science,/jobs/director-of-product-management-managed-driver-experience-platform-science,NA,www.workingnomads.com
Coding Tech Bootcamp - Job Guaranteed by Metana,Metana,NA,NA,www.workingnomads.com
Full Stack Engineer - AI - ActiveCampaign/Hilos,ActiveCampaign,/jobs/full-stack-engineer-ai-activecampaignhilos-activecampaign,NA,www.workingnomads.com
Coding Tech Bootcamp - Job Guaranteed by Metana,Metana,NA,NA,www.workingnomads.com
Accounts Payable Team Leader (Maternity Cover),Adaptavist,/jobs/accounts-payable-team-leader-maternity-cover-adaptavist,NA,www.workingnomads.com
Coding Tech Bootcamp - Job Guaranteed by Metana,Metana,NA,NA,www.workingnomads.com
Technical Architect,Hightouch,/jobs/technical-architect-hightouch-911937,NA,www.workingnomads.com
Coding Tech Bootcamp - Job Guaranteed by Metana,Metana,NA,NA,www.workingnomads.com
Senior Learning Experience Designer,GitLab,/jobs/senior-learning-experience-designer-gitlab,NA,www.workingnomads.com
Coding Tech Bootcamp - Job Guaranteed by Metana,Metana,NA,NA,www.workingnomads.com
Senior Product Marketing Manager (Investing Products),Wealthsimple,/jobs/senior-product-marketing-manager-investing-products-wealthsimple,NA,www.workingnomads.com
Coding Tech Bootcamp - Job Guaranteed by Metana,Metana,NA,NA,www.workingnomads.com
Director of Engineering - Marketplace Platforms,Upwork,/jobs/director-of-engineering-marketplace-platforms-upwork,NA,www.workingnomads.com
Coding Tech Bootcamp - Job Guaranteed by Metana,Metana,NA,NA,www.workingnomads.com
Manager - Creator Management,Influential,/jobs/manager-creator-management-influential-911820,NA,www.workingnomads.com
Coding Tech Bootcamp - Job Guaranteed by Metana,Metana,NA,NA,www.workingnomads.com
Training and Documentation Specialist,Branch,/jobs/training-and-documentation-specialist-branch,NA,www.workingnomads.com
Coding Tech Bootcamp - Job Guaranteed by Metana,Metana,NA,NA,www.workingnomads.com
Social Media Community,Messari,/jobs/social-media-community-messari,NA,www.workingnomads.com
Coding Tech Bootcamp - Job Guaranteed by Metana,Metana,NA,NA,www.workingnomads.com
Marketing Manager,Red Cell Partners,/jobs/marketing-manager-red-cell-partners-911814,NA,www.workingnomads.com
Coding Tech Bootcamp - Job Guaranteed by Metana,Metana,NA,NA,www.workingnomads.com
Engineer - Ruby,CloudWalk,/jobs/engineer-ruby-cloudwalk,NA,www.workingnomads.com
Coding Tech Bootcamp - Job Guaranteed by Metana,Metana,NA,NA,www.workingnomads.com
Finance - Business Operations & Strategy (Gusto Money Group),"Gusto, Inc.",/jobs/finance-business-operations-strategy-gusto-money-group-gusto-inc,NA,www.workingnomads.com
Coding Tech Bootcamp - Job Guaranteed by Metana,Metana,NA,NA,www.workingnomads.com
Senior Staff Software Engineer - Time,"Gusto, Inc.",/jobs/senior-staff-software-engineer-time-gusto-inc,NA,www.workingnomads.com
Coding Tech Bootcamp - Job Guaranteed by Metana,Metana,NA,NA,www.workingnomads.com
Global Benefits Manager,Apollo.io,/jobs/global-benefits-manager-apolloio-911809,NA,www.workingnomads.com
Coding Tech Bootcamp - Job Guaranteed by Metana,Metana,NA,NA,www.workingnomads.com
Director of Revenue Operations,Branch,/jobs/director-of-revenue-operations-branch,NA,www.workingnomads.com
Coding Tech Bootcamp - Job Guaranteed by Metana,Metana,NA,NA,www.workingnomads.com
Sr. Analyst of Enterprise Insights,Workiva,/jobs/sr-analyst-of-enterprise-insights-workiva,NA,www.workingnomads.com
Coding Tech Bootcamp - Job Guaranteed by Metana,Metana,NA,NA,www.workingnomads.com
Senior Full Stack Engineer (Frontend-leaning) - Internal Tools,StackAdapt,/jobs/senior-full-stack-engineer-frontend-leaning-internal-tools-stackadapt,NA,www.workingnomads.com
Coding Tech Bootcamp - Job Guaranteed by Metana,Metana,NA,NA,www.workingnomads.com
Senior IT Business Systems Analyst,GitLab,/jobs/senior-it-business-systems-analyst-gitlab,NA,www.workingnomads.com
Coding Tech Bootcamp - Job Guaranteed by Metana,Metana,NA,NA,www.workingnomads.com
Deputy Regional Information Security Officer,Kraken,/jobs/deputy-regional-information-security-officer-kraken-911803,NA,www.workingnomads.com
Coding Tech Bootcamp - Job Guaranteed by Metana,Metana,NA,NA,www.workingnomads.com
Senior Software Engineer - Billing,StackAdapt,/jobs/senior-software-engineer-billing-stackadapt-911801,NA,www.workingnomads.com
Coding Tech Bootcamp - Job Guaranteed by Metana,Metana,NA,NA,www.workingnomads.com
Engineering Manager - Communications,TrueML,/jobs/engineering-manager-communications-trueml,NA,www.workingnomads.com
Coding Tech Bootcamp - Job Guaranteed by Metana,Metana,NA,NA,www.workingnomads.com
Senior Full Stack Software Engineer,StackAdapt,/jobs/senior-full-stack-software-engineer-stackadapt-911798,NA,www.workingnomads.com
Coding Tech Bootcamp - Job Guaranteed by Metana,Metana,NA,NA,www.workingnomads.com
Strategic Alliances Manager,Emburse,/jobs/strategic-alliances-manager-emburse-911796,NA,www.workingnomads.com
Coding Tech Bootcamp - Job Guaranteed by Metana,Metana,NA,NA,www.workingnomads.com
Marketing Specialist,Mozilla,/jobs/marketing-specialist-mozilla-911794,NA,www.workingnomads.com
Coding Tech Bootcamp - Job Guaranteed by Metana,Metana,NA,NA,www.workingnomads.com
Help Desk Partner Onboarding Manager,Pax8,/jobs/help-desk-partner-onboarding-manager-pax8,NA,www.workingnomads.com
Coding Tech Bootcamp - Job Guaranteed by Metana,Metana,NA,NA,www.workingnomads.com
Client Success Manager,Nextech,/jobs/client-success-manager-nextech,NA,www.workingnomads.com
Coding Tech Bootcamp - Job Guaranteed by Metana,Metana,NA,NA,www.workingnomads.com
Marketing Specialist,Mozilla,/jobs/marketing-specialist-mozilla-911790,NA,www.workingnomads.com
Coding Tech Bootcamp - Job Guaranteed by Metana,Metana,NA,NA,www.workingnomads.com
Talent Acquisition Partner - Go To Market Hiring,Hostaway,/jobs/talent-acquisition-partner-go-to-market-hiring-hostaway,NA,www.workingnomads.com
Coding Tech Bootcamp - Job Guaranteed by Metana,Metana,NA,NA,www.workingnomads.com
Director - IT Infrastructure and Operations,Webflow,/jobs/director-it-infrastructure-and-operations-webflow,NA,www.workingnomads.com
Coding Tech Bootcamp - Job Guaranteed by Metana,Metana,NA,NA,www.workingnomads.com
Engineering Manager - Ads Experimentation Platform,Reddit,/jobs/engineering-manager-ads-experimentation-platform-reddit,NA,www.workingnomads.com
Coding Tech Bootcamp - Job Guaranteed by Metana,Metana,NA,NA,www.workingnomads.com
Sr. Product Marketing Manager,MyFitnessPal,/jobs/sr-product-marketing-manager-myfitnesspal-911785,NA,www.workingnomads.com
Coding Tech Bootcamp - Job Guaranteed by Metana,Metana,NA,NA,www.workingnomads.com
Senior Software Engineer - Workspaces,Weights & Biases,/jobs/senior-software-engineer-workspaces-weights-biases-911783,NA,www.workingnomads.com
Coding Tech Bootcamp - Job Guaranteed by Metana,Metana,NA,NA,www.workingnomads.com
Sales Intern - New Verticals (Education),Clipboard Health,/jobs/sales-intern-new-verticals-education-clipboard-health-911781,NA,www.workingnomads.com
Coding Tech Bootcamp - Job Guaranteed by Metana,Metana,NA,NA,www.workingnomads.com
Senior Staff Product Designer - Grow & Extend,Webflow,/jobs/senior-staff-product-designer-grow-extend-webflow-911779,NA,www.workingnomads.com
Coding Tech Bootcamp - Job Guaranteed by Metana,Metana,NA,NA,www.workingnomads.com
Staff Product Designer - New Products,Webflow,/jobs/staff-product-designer-new-products-webflow-911775,NA,www.workingnomads.com
Coding Tech Bootcamp - Job Guaranteed by Metana,Metana,NA,NA,www.workingnomads.com
Senior Software Engineer - Structure,Webflow,/jobs/senior-software-engineer-structure-webflow-911773,NA,www.workingnomads.com
Coding Tech Bootcamp - Job Guaranteed by Metana,Metana,NA,NA,www.workingnomads.com
Senior Data Engineer - Streaming Platform,Voodoo,/jobs/senior-data-engineer-streaming-platform-voodoo-911771,NA,www.workingnomads.com
Coding Tech Bootcamp - Job Guaranteed by Metana,Metana,NA,NA,www.workingnomads.com
Senior Solutions Consultant,SuccessKPI Inc.,/jobs/senior-solutions-consultant-successkpi-inc-911769,NA,www.workingnomads.com
Coding Tech Bootcamp - Job Guaranteed by Metana,Metana,NA,NA,www.workingnomads.com
Regional Sales Manager,Cloudbeds,/jobs/regional-sales-manager-cloudbeds-911767,NA,www.workingnomads.com
Coding Tech Bootcamp - Job Guaranteed by Metana,Metana,NA,NA,www.workingnomads.com
Credit & Underwriting Strategist,Mercury,/jobs/credit-underwriting-strategist-mercury,NA,www.workingnomads.com
Coding Tech Bootcamp - Job Guaranteed by Metana,Metana,NA,NA,www.workingnomads.com
Director - Technical Program Management and Product Management,Figma,/jobs/director-technical-program-management-and-product-management-figma,NA,www.workingnomads.com
Coding Tech Bootcamp - Job Guaranteed by Metana,Metana,NA,NA,www.workingnomads.com
Marketing Specialist,Mozilla,/jobs/marketing-specialist-mozilla,NA,www.workingnomads.com
Coding Tech Bootcamp - Job Guaranteed by Metana,Metana,NA,NA,www.workingnomads.com
Full Stack Product Engineer - ActiveCampaign/Hilos,ActiveCampaign,/jobs/full-stack-product-engineer-activecampaignhilos-activecampaign,NA,www.workingnomads.com
Coding Tech Bootcamp - Job Guaranteed by Metana,Metana,NA,NA,www.workingnomads.com
IT Audit Manager,Dropbox,/jobs/it-audit-manager-dropbox,NA,www.workingnomads.com
Coding Tech Bootcamp - Job Guaranteed by Metana,Metana,NA,NA,www.workingnomads.com
Customer Success Manager,Dropbox,/jobs/customer-success-manager-dropbox-911751,NA,www.workingnomads.com
Coding Tech Bootcamp - Job Guaranteed by Metana,Metana,NA,NA,www.workingnomads.com
People Operations Manager,Stripe,/jobs/people-operations-manager-stripe,NA,www.workingnomads.com
Coding Tech Bootcamp - Job Guaranteed by Metana,Metana,NA,NA,www.workingnomads.com
Executive Assistant,Nava,/jobs/executive-assistant-nava,NA,www.workingnomads.com
Coding Tech Bootcamp - Job Guaranteed by Metana,Metana,NA,NA,www.workingnomads.com
Tax Manager,Finalsite,/jobs/tax-manager-finalsite,NA,www.workingnomads.com
Coding Tech Bootcamp - Job Guaranteed by Metana,Metana,NA,NA,www.workingnomads.com
Salesforce Administrator,ImageTrend,/jobs/salesforce-administrator-imagetrend,NA,www.workingnomads.com
Coding Tech Bootcamp - Job Guaranteed by Metana,Metana,NA,NA,www.workingnomads.com
Staff Software Engineer - Security,Airbnb,/jobs/staff-software-engineer-security-airbnb,NA,www.workingnomads.com
Coding Tech Bootcamp - Job Guaranteed by Metana,Metana,NA,NA,www.workingnomads.com
Director of Strategic Accounts,Tanium,/jobs/director-of-strategic-accounts-tanium-911744,NA,www.workingnomads.com
Coding Tech Bootcamp - Job Guaranteed by Metana,Metana,NA,NA,www.workingnomads.com
Sales & Marketing Program Specialist,Myriad360,/jobs/sales-marketing-program-specialist-myriad360,NA,www.workingnomads.com
Coding Tech Bootcamp - Job Guaranteed by Metana,Metana,NA,NA,www.workingnomads.com
Legal Operations Associate,G-P,/jobs/legal-operations-associate-g-p,NA,www.workingnomads.com
Coding Tech Bootcamp - Job Guaranteed by Metana,Metana,NA,NA,www.workingnomads.com
Business Development Representative (Fluent German Speaker),G-P,/jobs/business-development-representative-fluent-german-speaker-g-p-911740,NA,www.workingnomads.com
Coding Tech Bootcamp - Job Guaranteed by Metana,Metana,NA,NA,www.workingnomads.com
Platform Support Specialist,Kayzen,/jobs/platform-support-specialist-kayzen,NA,www.workingnomads.com
Coding Tech Bootcamp - Job Guaranteed by Metana,Metana,NA,NA,www.workingnomads.com
Network Security Engineer (Fortinet),GuidePoint Security,/jobs/network-security-engineer-fortinet-guidepoint-security,NA,www.workingnomads.com
Coding Tech Bootcamp - Job Guaranteed by Metana,Metana,NA,NA,www.workingnomads.com
Business Development Representative (Fluent German Speaker),G-P,/jobs/business-development-representative-fluent-german-speaker-g-p,NA,www.workingnomads.com
Coding Tech Bootcamp - Job Guaranteed by Metana,Metana,NA,NA,www.workingnomads.com
Network Security Engineer (WAF),GuidePoint Security,/jobs/network-security-engineer-waf-guidepoint-security,NA,www.workingnomads.com
Coding Tech Bootcamp - Job Guaranteed by Metana,Metana,NA,NA,www.workingnomads.com
Senior Software Engineer - Java,Zepz,/jobs/senior-software-engineer-java-zepz-911734,NA,www.workingnomads.com
Coding Tech Bootcamp - Job Guaranteed by Metana,Metana,NA,NA,www.workingnomads.com
Senior Performance App Marketing Manager,Blinkist,/jobs/senior-performance-app-marketing-manager-blinkist,NA,www.workingnomads.com
Coding Tech Bootcamp - Job Guaranteed by Metana,Metana,NA,NA,www.workingnomads.com
Network Security Engineer (NAC),GuidePoint Security,/jobs/network-security-engineer-nac-guidepoint-security,NA,www.workingnomads.com
Coding Tech Bootcamp - Job Guaranteed by Metana,Metana,NA,NA,www.workingnomads.com
Software Engineering II,G-P,/jobs/software-engineering-ii-g-p,NA,www.workingnomads.com
Coding Tech Bootcamp - Job Guaranteed by Metana,Metana,NA,NA,www.workingnomads.com
Generative AI Solution Engineer,GuidePoint Security,/jobs/generative-ai-solution-engineer-guidepoint-security,NA,www.workingnomads.com
Coding Tech Bootcamp - Job Guaranteed by Metana,Metana,NA,NA,www.workingnomads.com
